date_time,traffic_volume,is_interpolated
2012-10-02,4219.266666666666,0
2012-10-03,3317.25,0
2012-10-04,3747.4583333333335,0
2012-10-05,4242.545454545455,0
2012-10-06,3256.9565217391305,0
2012-10-07,3058.6363636363635,0
2012-10-08,3422.2916666666665,0
2012-10-09,3770.304347826087,0
2012-10-10,4093.8333333333335,0
2012-10-11,3911.842105263158,0
2012-10-12,4025.8,0
2012-10-13,2937.5,0
2012-10-14,2852.2162162162163,0
2012-10-15,3192.8571428571427,0
2012-10-16,3727.9583333333335,0
2012-10-17,3656.56,0
2012-10-18,3682.5,0
2012-10-19,3414.0,0
2012-10-20,2731.75,0
2012-10-21,2400.0,0
2012-10-22,3072.8571428571427,0
2012-10-23,3537.5833333333335,0
2012-10-24,4013.3469387755104,0
2012-10-25,4197.6,0
2012-10-26,3510.796296296296,0
2012-10-27,3065.2916666666665,0
2012-10-28,2353.5833333333335,0
2012-10-29,3519.0833333333335,0
2012-10-30,3674.8333333333335,0
2012-10-31,3614.0416666666665,0
2012-11-01,3761.7916666666665,0
2012-11-02,3804.375,0
2012-11-03,2810.125,0
2012-11-04,2329.36,0
2012-11-05,3507.590909090909,0
2012-11-06,3169.2903225806454,0
2012-11-07,3555.232558139535,0
2012-11-08,3779.375,0
2012-11-09,3880.2916666666665,0
2012-11-10,2807.6666666666665,0
2012-11-11,1909.301886792453,0
2012-11-12,2963.44,0
2012-11-13,3727.88,0
2012-11-14,3983.5,0
2012-11-15,3856.5652173913045,0
2012-11-16,3777.375,0
2012-11-17,2778.9565217391305,0
2012-11-18,2330.5833333333335,0
2012-11-19,3515.9166666666665,0
2012-11-20,3728.2916666666665,0
2012-11-21,4005.2580645161293,0
2012-11-22,1974.4166666666667,0
2012-11-23,2585.939393939394,0
2012-11-24,2345.8260869565215,0
2012-11-25,2353.8695652173915,0
2012-11-26,3327.8260869565215,0
2012-11-27,3547.7916666666665,0
2012-11-28,3575.75,0
2012-11-29,3785.1304347826085,0
2012-11-30,3796.0,0
2012-12-01,3378.3055555555557,0
2012-12-02,2522.1,0
2012-12-03,3286.1714285714284,0
2012-12-04,3814.8518518518517,0
2012-12-05,3803.8695652173915,0
2012-12-06,3787.5416666666665,0
2012-12-07,3737.75,0
2012-12-08,3056.076923076923,0
2012-12-09,1261.2173913043478,0
2012-12-10,2915.5223880597014,0
2012-12-11,3043.9615384615386,0
2012-12-12,3248.0344827586205,0
2012-12-13,3495.68,0
2012-12-14,3735.5384615384614,0
2012-12-15,2549.52,0
2012-12-16,2226.3456790123455,0
2012-12-17,3110.0,0
2012-12-18,4020.0555555555557,0
2012-12-19,3500.8636363636365,0
2012-12-20,3533.3928571428573,0
2012-12-21,3449.3513513513512,0
2012-12-22,2582.7083333333335,0
2012-12-23,2131.782608695652,0
2012-12-24,2268.1666666666665,0
2012-12-25,1603.28,0
2012-12-26,2949.4583333333335,0
2012-12-27,3130.75,0
2012-12-28,3215.0,0
2012-12-29,2358.0731707317073,0
2012-12-30,2357.714285714286,0
2012-12-31,3028.8,0
2013-01-01,1659.0416666666667,0
2013-01-02,3355.5925925925926,0
2013-01-03,3539.9285714285716,0
2013-01-04,3402.8064516129034,0
2013-01-05,2907.9473684210525,0
2013-01-06,2085.035714285714,0
2013-01-07,3360.5,0
2013-01-08,3364.4545454545455,0
2013-01-09,3748.9,0
2013-01-10,2771.5555555555557,0
2013-01-11,3329.6060606060605,0
2013-01-12,2762.3529411764707,0
2013-01-13,1838.2857142857142,0
2013-01-14,3668.0,0
2013-01-15,3350.8636363636365,0
2013-01-16,3819.7727272727275,0
2013-01-17,3813.730769230769,0
2013-01-18,3665.375,0
2013-01-19,2753.4166666666665,0
2013-01-20,2201.722222222222,0
2013-01-21,2730.0476190476193,0
2013-01-22,3432.3684210526317,0
2013-01-23,3787.8636363636365,0
2013-01-24,3740.2272727272725,0
2013-01-25,3640.3333333333335,0
2013-01-26,2005.125,0
2013-01-27,1898.4666666666667,0
2013-01-28,3360.6666666666665,0
2013-01-29,434.0,0
2013-01-30,3913.217391304348,0
2013-01-31,3388.2727272727275,0
2013-02-01,3558.4583333333335,0
2013-02-02,2799.6666666666665,0
2013-02-03,2151.8260869565215,0
2013-02-04,3323.0416666666665,0
2013-02-05,3455.7272727272725,0
2013-02-06,3375.5263157894738,0
2013-02-07,3767.4444444444443,0
2013-02-08,3459.9310344827586,0
2013-02-09,3090.7368421052633,0
2013-02-10,1485.9130434782608,0
2013-02-11,3481.7924528301887,0
2013-02-12,3276.52,0
2013-02-13,3535.75,0
2013-02-14,3620.3142857142857,0
2013-02-15,3156.04,0
2013-02-16,2917.4347826086955,0
2013-02-17,2585.923076923077,0
2013-02-18,3117.0416666666665,0
2013-02-19,3569.3809523809523,0
2013-02-20,3550.5,0
2013-02-21,3962.75,0
2013-02-22,3072.1666666666665,0
2013-02-23,2310.4358974358975,0
2013-02-24,2087.3793103448274,0
2013-02-25,3100.1612903225805,0
2013-02-26,3710.8571428571427,0
2013-02-27,3851.235294117647,0
2013-02-28,3511.0526315789475,0
2013-03-01,3943.391304347826,0
2013-03-02,3016.7391304347825,0
2013-03-03,2581.7727272727275,0
2013-03-04,3082.65,0
2013-03-05,2514.5185185185187,0
2013-03-06,3158.92,0
2013-03-07,3484.4375,0
2013-03-08,3514.6071428571427,0
2013-03-09,2619.5,0
2013-03-10,2263.266666666667,0
2013-03-11,2650.9565217391305,0
2013-03-12,3834.230769230769,0
2013-03-13,3807.0,0
2013-03-14,3446.6666666666665,0
2013-03-15,3661.5625,0
2013-03-16,3263.133333333333,0
2013-03-17,2253.785714285714,0
2013-03-18,2784.6923076923076,0
2013-03-19,4292.178571428572,0
2013-03-20,3825.681818181818,0
2013-03-21,3820.6666666666665,0
2013-03-22,3877.4583333333335,0
2013-03-23,3103.2083333333335,0
2013-03-24,2469.7916666666665,0
2013-03-25,3619.153846153846,0
2013-03-26,3504.875,0
2013-03-27,3672.391304347826,0
2013-03-28,3694.875,0
2013-03-29,3640.4583333333335,0
2013-03-30,2683.3333333333335,0
2013-03-31,1961.8918918918919,0
2013-04-01,3442.3809523809523,0
2013-04-02,3679.9583333333335,0
2013-04-03,3804.1666666666665,0
2013-04-04,3899.3478260869565,0
2013-04-05,3781.7391304347825,0
2013-04-06,3250.21875,0
2013-04-07,2727.34375,0
2013-04-08,3204.103448275862,0
2013-04-09,3204.1363636363635,0
2013-04-10,3592.8387096774195,0
2013-04-11,2419.0,0
2013-04-12,4288.365384615385,0
2013-04-13,2506.25,0
2013-04-14,1803.2,0
2013-04-15,4056.7567567567567,0
2013-04-16,3729.0416666666665,0
2013-04-17,3662.695652173913,0
2013-04-18,2464.214285714286,0
2013-04-19,3510.3166666666666,0
2013-04-20,2604.6285714285714,0
2013-04-21,2434.1666666666665,0
2013-04-22,3202.527777777778,0
2013-04-23,3786.3695652173915,0
2013-04-24,3064.035714285714,0
2013-04-25,4057.9615384615386,0
2013-04-26,3922.125,0
2013-04-27,2994.04,0
2013-04-28,2649.7916666666665,0
2013-04-29,3629.375,0
2013-04-30,3753.125,0
2013-05-01,3704.8260869565215,0
2013-05-02,4387.121951219512,0
2013-05-03,3690.0,0
2013-05-04,3594.4897959183672,0
2013-05-05,2552.16,0
2013-05-06,3611.75,0
2013-05-07,3837.5416666666665,0
2013-05-08,3754.3333333333335,0
2013-05-09,3776.9411764705883,0
2013-05-10,3837.5384615384614,0
2013-05-11,2187.3333333333335,0
2013-05-12,1844.4,0
2013-05-13,3604.7916666666665,0
2013-05-14,3811.8333333333335,0
2013-05-15,3847.25,0
2013-05-16,3837.7916666666665,0
2013-05-17,3740.695652173913,0
2013-05-18,3297.705882352941,0
2013-05-19,2309.230769230769,0
2013-05-20,4208.7441860465115,0
2013-05-21,3550.076923076923,0
2013-05-22,3571.808510638298,0
2013-05-23,3902.5384615384614,0
2013-05-24,3604.4166666666665,0
2013-05-25,2473.1481481481483,0
2013-05-26,1983.6923076923076,0
2013-05-27,1966.9583333333333,0
2013-05-28,3398.740740740741,0
2013-05-29,4175.241379310345,0
2013-05-30,3806.1,0
2013-05-31,3055.6944444444443,0
2013-06-01,2590.8928571428573,0
2013-06-02,2787.423076923077,0
2013-06-03,3613.9583333333335,0
2013-06-04,3707.1666666666665,0
2013-06-05,3671.1,0
2013-06-06,4071.0416666666665,0
2013-06-07,4045.3333333333335,0
2013-06-08,2832.2916666666665,0
2013-06-09,2441.16,0
2013-06-10,4215.4857142857145,0
2013-06-11,3587.7419354838707,0
2013-06-12,3697.6785714285716,0
2013-06-13,3660.1315789473683,0
2013-06-14,3856.9583333333335,0
2013-06-15,2786.2916666666665,0
2013-06-16,2827.2758620689656,0
2013-06-17,3489.1923076923076,0
2013-06-18,3870.8333333333335,0
2013-06-19,3179.4166666666665,0
2013-06-20,4386.8,0
2013-06-21,1816.375,0
2013-06-22,1121.15,0
2013-06-23,1839.904761904762,0
2013-06-24,4029.037037037037,0
2013-06-25,4019.230769230769,0
2013-06-26,3850.3333333333335,0
2013-06-27,3922.3333333333335,0
2013-06-28,3827.086956521739,0
2013-06-29,2963.0,0
2013-06-30,2231.233333333333,0
2013-07-01,3654.75,0
2013-07-02,3798.5833333333335,0
2013-07-03,3702.782608695652,0
2013-07-04,2098.1666666666665,0
2013-07-05,3006.521739130435,0
2013-07-06,2413.5652173913045,0
2013-07-07,2495.0833333333335,0
2013-07-08,3587.88,0
2013-07-09,3873.185185185185,0
2013-07-10,4080.925925925926,0
2013-07-11,3805.6521739130435,0
2013-07-12,3898.304347826087,0
2013-07-13,2793.0,0
2013-07-14,2277.9117647058824,0
2013-07-15,3028.3333333333335,0
2013-07-16,3806.190476190476,0
2013-07-17,3844.090909090909,0
2013-07-18,3837.5,0
2013-07-19,4129.130434782609,0
2013-07-20,3033.9565217391305,0
2013-07-21,2469.84,0
2013-07-22,4066.6071428571427,0
2013-07-23,3669.782608695652,0
2013-07-24,4004.1428571428573,0
2013-07-25,3867.4166666666665,0
2013-07-26,3548.4347826086955,0
2013-07-27,2670.28,0
2013-07-28,2632.8,0
2013-07-29,3601.304347826087,0
2013-07-30,3771.2608695652175,0
2013-07-31,4004.4411764705883,0
2013-08-01,3934.0333333333333,0
2013-08-02,3993.375,0
2013-08-03,2866.7727272727275,0
2013-08-04,2555.3333333333335,0
2013-08-05,3743.913043478261,0
2013-08-06,3535.483870967742,0
2013-08-07,3487.05,0
2013-08-08,4140.545454545455,0
2013-08-09,3998.6363636363635,0
2013-08-10,3089.909090909091,0
2013-08-11,2558.6521739130435,0
2013-08-12,3709.6666666666665,0
2013-08-13,3881.2916666666665,0
2013-08-14,3726.1052631578946,0
2013-08-15,3513.125,0
2013-08-16,4200.15,0
2013-08-17,2894.625,0
2013-08-18,2705.9565217391305,0
2013-08-19,3677.375,0
2013-08-20,3824.25,0
2013-08-21,3839.0,0
2013-08-22,3865.2916666666665,0
2013-08-23,4048.9565217391305,0
2013-08-24,3051.9285714285716,0
2013-08-25,2953.590909090909,0
2013-08-26,3820.1363636363635,0
2013-08-27,3162.0,0
2013-08-28,3212.0833333333335,0
2013-08-29,4517.642857142857,0
2013-08-30,4108.464285714285,0
2013-08-31,1321.0,0
2013-09-01,1712.0,0
2013-09-02,2438.0454545454545,0
2013-09-03,365.5,0
2013-09-04,4671.133333333333,0
2013-09-05,3621.2,0
2013-09-06,3806.0,0
2013-09-07,1925.6666666666667,0
2013-09-08,3148.25,0
2013-09-09,4133.4838709677415,0
2013-09-10,3717.3529411764707,0
2013-09-11,3979.6666666666665,0
2013-09-12,2942.0,0
2013-09-13,3968.4117647058824,0
2013-09-14,2850.8333333333335,0
2013-09-15,1952.9583333333333,0
2013-09-16,2899.9333333333334,0
2013-09-17,3030.318181818182,0
2013-09-18,3379.8695652173915,0
2013-09-19,3661.3529411764707,0
2013-09-20,3642.5333333333333,0
2013-09-21,2114.6,0
2013-09-22,2863.5454545454545,0
2013-09-23,3474.8571428571427,0
2013-09-24,3825.4166666666665,0
2013-09-25,3638.6470588235293,0
2013-09-26,3939.9545454545455,0
2013-09-27,3842.318181818182,0
2013-09-28,3184.5,0
2013-09-29,2592.7727272727275,0
2013-09-30,2636.4545454545455,0
2013-10-01,1984.5,0
2013-10-02,899.0,0
2013-10-03,4184.24,0
2013-10-04,3880.6666666666665,0
2013-10-05,2778.28125,0
2013-10-06,3315.8333333333335,0
2013-10-07,3459.8125,0
2013-10-08,4030.9166666666665,0
2013-10-09,3762.7083333333335,0
2013-10-10,3915.125,0
2013-10-11,3794.6666666666665,0
2013-10-12,3446.9285714285716,0
2013-10-13,2635.8888888888887,0
2013-10-14,3369.153846153846,0
2013-10-15,3710.3,0
2013-10-16,3997.5,0
2013-10-17,3880.7083333333335,0
2013-10-18,3057.0,0
2013-10-19,2960.9473684210525,0
2013-10-20,3022.777777777778,0
2013-10-21,4316.6,0
2013-10-22,3406.181818181818,0
2013-10-23,4273.181818181818,0
2013-10-24,4985.666666666667,0
2013-10-25,4479.0,0
2013-10-26,4264.75,0
2013-10-27,822.0,0
2013-10-28,1152.4555555555555,1
2013-10-29,1482.911111111111,1
2013-10-30,1813.3666666666668,1
2013-10-31,2143.822222222222,1
2013-11-01,2474.277777777778,1
2013-11-02,2804.7333333333336,1
2013-11-03,3135.188888888889,1
2013-11-04,3465.6444444444446,1
2013-11-05,3796.1000000000004,1
2013-11-06,4126.555555555556,0
2013-11-07,3798.1052631578946,0
2013-11-08,3863.782608695652,0
2013-11-09,2876.1304347826085,0
2013-11-10,2246.25,0
2013-11-11,3211.086956521739,0
2013-11-12,3697.625,0
2013-11-13,3830.5833333333335,0
2013-11-14,3738.7391304347825,0
2013-11-15,4168.0,0
2013-11-16,3152.8529411764707,0
2013-11-17,2186.6666666666665,0
2013-11-18,3209.9523809523807,0
2013-11-19,3691.2916666666665,0
2013-11-20,3677.230769230769,0
2013-11-21,3864.769230769231,0
2013-11-22,3963.3333333333335,0
2013-11-23,2774.4166666666665,0
2013-11-24,2218.2083333333335,0
2013-11-25,3246.714285714286,0
2013-11-26,3866.3333333333335,0
2013-11-27,3770.375,0
2013-11-28,2097.1739130434785,0
2013-11-29,2739.1304347826085,0
2013-11-30,2695.4166666666665,0
2013-12-01,2509.375,0
2013-12-02,3576.591836734694,0
2013-12-03,3948.6071428571427,0
2013-12-04,3097.7708333333335,0
2013-12-05,3582.4545454545455,0
2013-12-06,3666.0833333333335,0
2013-12-07,2648.7272727272725,0
2013-12-08,2001.1052631578948,0
2013-12-09,2622.5384615384614,0
2013-12-10,3238.1428571428573,0
2013-12-11,3390.5714285714284,0
2013-12-12,3599.625,0
2013-12-13,3589.1923076923076,0
2013-12-14,2432.0,0
2013-12-15,2268.5833333333335,0
2013-12-16,3040.576923076923,0
2013-12-17,3565.608695652174,0
2013-12-18,3684.7272727272725,0
2013-12-19,3502.12,0
2013-12-20,3019.777777777778,0
2013-12-21,2652.0434782608695,0
2013-12-22,2004.5,0
2013-12-23,2730.1428571428573,0
2013-12-24,2166.6451612903224,0
2013-12-25,1527.625,0
2013-12-26,2912.0,0
2013-12-27,2694.923076923077,0
2013-12-28,2076.657142857143,0
2013-12-29,1988.75,0
2013-12-30,2828.535714285714,0
2013-12-31,3034.7391304347825,0
2014-01-01,1637.4545454545455,0
2014-01-02,3301.5,0
2014-01-03,3970.6666666666665,0
2014-01-04,2277.96,0
2014-01-05,1643.4782608695652,0
2014-01-06,2268.5652173913045,0
2014-01-07,3029.2272727272725,0
2014-01-08,3286.4347826086955,0
2014-01-09,3754.1739130434785,0
2014-01-10,3332.185185185185,0
2014-01-11,2835.478260869565,0
2014-01-12,2063.0434782608695,0
2014-01-13,3146.3076923076924,0
2014-01-14,2780.2972972972975,0
2014-01-15,3542.3214285714284,0
2014-01-16,3487.1612903225805,0
2014-01-17,3821.5,0
2014-01-18,2557.875,0
2014-01-19,2314.521739130435,0
2014-01-20,2793.1304347826085,0
2014-01-21,3319.125,0
2014-01-22,3092.9655172413795,0
2014-01-23,3285.0,0
2014-01-24,3430.862068965517,0
2014-01-25,2743.4814814814813,0
2014-01-26,1492.8529411764705,0
2014-01-27,2637.8333333333335,0
2014-01-28,3153.8333333333335,0
2014-01-29,3451.7083333333335,0
2014-01-30,2599.6666666666665,0
2014-01-31,3638.75,0
2014-02-01,2852.5833333333335,0
2014-02-02,2091.0833333333335,0
2014-02-03,3345.8333333333335,0
2014-02-04,3557.75,0
2014-02-05,3479.0,0
2014-02-06,3604.9166666666665,0
2014-02-07,3711.3333333333335,0
2014-02-08,2752.5833333333335,0
2014-02-09,2284.0833333333335,0
2014-02-10,3375.625,0
2014-02-11,3403.125,0
2014-02-12,3478.8333333333335,0
2014-02-13,3582.125,0
2014-02-14,3857.1666666666665,0
2014-02-15,2509.7083333333335,0
2014-02-16,2241.0833333333335,0
2014-02-17,2471.875,0
2014-02-18,3572.4166666666665,0
2014-02-19,3662.625,0
2014-02-20,2788.3333333333335,0
2014-02-21,1943.0,0
2014-02-22,2192.1666666666665,0
2014-02-23,2123.75,0
2014-02-24,3210.375,0
2014-02-25,3047.3333333333335,0
2014-02-26,3362.375,0
2014-02-27,3498.2083333333335,0
2014-02-28,3674.5,0
2014-03-01,2731.7083333333335,0
2014-03-02,2212.1666666666665,0
2014-03-03,3415.75,0
2014-03-04,3000.0526315789475,0
2014-03-05,3592.7916666666665,0
2014-03-06,3720.5833333333335,0
2014-03-07,3775.5416666666665,0
2014-03-08,3231.8333333333335,0
2014-03-09,2680.1739130434785,0
2014-03-10,3503.2083333333335,0
2014-03-11,3625.5833333333335,0
2014-03-12,3687.3333333333335,0
2014-03-13,3755.9583333333335,0
2014-03-14,3742.2083333333335,0
2014-03-15,2956.7916666666665,0
2014-03-16,2385.1666666666665,0
2014-03-17,3304.0833333333335,0
2014-03-18,3495.7916666666665,0
2014-03-19,3379.6666666666665,0
2014-03-20,3699.25,0
2014-03-21,3668.4166666666665,0
2014-03-22,2863.75,0
2014-03-23,2281.4583333333335,0
2014-03-24,3356.25,0
2014-03-25,3597.5,0
2014-03-26,3761.625,0
2014-03-27,3555.6666666666665,0
2014-03-28,3825.0833333333335,0
2014-03-29,3005.2916666666665,0
2014-03-30,2468.375,0
2014-03-31,3428.0,0
2014-04-01,3488.2916666666665,0
2014-04-02,3607.1739130434785,0
2014-04-03,3384.0,0
2014-04-04,2888.7916666666665,0
2014-04-05,2953.2916666666665,0
2014-04-06,2364.25,0
2014-04-07,3602.9583333333335,0
2014-04-08,3812.0416666666665,0
2014-04-09,3831.2083333333335,0
2014-04-10,3921.1666666666665,0
2014-04-11,3949.625,0
2014-04-12,2975.0,0
2014-04-13,2445.9583333333335,0
2014-04-14,3543.9166666666665,0
2014-04-15,3773.8333333333335,0
2014-04-16,3557.0416666666665,0
2014-04-17,3676.7916666666665,0
2014-04-18,3721.875,0
2014-04-19,2693.25,0
2014-04-20,2400.7727272727275,0
2014-04-21,3912.9615384615386,0
2014-04-22,3716.9166666666665,0
2014-04-23,3669.875,0
2014-04-24,3792.125,0
2014-04-25,3898.0416666666665,0
2014-04-26,2072.5416666666665,0
2014-04-27,1925.2083333333333,0
2014-04-28,3463.0833333333335,0
2014-04-29,2511.5555555555557,0
2014-04-30,2625.6444444444446,1
2014-05-01,2739.7333333333336,1
2014-05-02,2853.822222222222,1
2014-05-03,2967.911111111111,1
2014-05-04,3082.0,0
2014-05-05,3639.7083333333335,0
2014-05-06,3451.095238095238,0
2014-05-07,3773.3333333333335,0
2014-05-08,3887.0178571428573,0
2014-05-09,3590.0,0
2014-05-10,2892.310344827586,0
2014-05-11,2095.5757575757575,0
2014-05-12,3524.404761904762,0
2014-05-13,3737.04,0
2014-05-14,3908.1666666666665,0
2014-05-15,3961.9583333333335,0
2014-05-16,3982.7083333333335,0
2014-05-17,3168.0833333333335,0
2014-05-18,2732.3333333333335,0
2014-05-19,3681.081632653061,0
2014-05-20,3825.7727272727275,0
2014-05-21,3763.0,0
2014-05-22,3812.2083333333335,0
2014-05-23,3712.3333333333335,0
2014-05-24,2597.9583333333335,0
2014-05-25,2189.5,0
2014-05-26,2097.8333333333335,0
2014-05-27,3547.9166666666665,0
2014-05-28,3788.3333333333335,0
2014-05-29,3857.5416666666665,0
2014-05-30,3904.1666666666665,0
2014-05-31,3060.72,0
2014-06-01,2099.9714285714285,0
2014-06-02,3079.8333333333335,0
2014-06-03,3613.5238095238096,0
2014-06-04,3561.0,0
2014-06-05,3783.44,0
2014-06-06,3881.7741935483873,0
2014-06-07,3244.5,0
2014-06-08,2507.7419354838707,0
2014-06-09,3619.4583333333335,0
2014-06-10,2792.769230769231,0
2014-06-11,3639.777777777778,0
2014-06-12,3157.1666666666665,0
2014-06-13,3713.6666666666665,0
2014-06-14,2722.1428571428573,0
2014-06-15,1824.4666666666667,0
2014-06-16,2715.5,0
2014-06-17,3126.0,0
2014-06-18,4193.0,0
2014-06-19,4311.428571428572,0
2014-06-20,4666.166666666667,0
2014-06-21,3558.6666666666665,0
2014-06-22,1964.0,0
2014-06-23,5489.166666666667,0
2014-06-24,3474.25,0
2014-06-25,4474.25,0
2014-06-26,3507.25,0
2014-06-27,4587.0,0
2014-06-28,3163.8571428571427,0
2014-06-29,2523.2,0
2014-06-30,2984.5,0
2014-07-01,4008.3333333333335,0
2014-07-02,3095.7272727272725,0
2014-07-03,5197.75,0
2014-07-04,2515.5,0
2014-07-05,2645.5714285714284,0
2014-07-06,2032.09375,0
2014-07-07,3504.3333333333335,0
2014-07-08,3737.2608695652175,0
2014-07-09,3917.4166666666665,0
2014-07-10,3924.125,0
2014-07-11,3908.2,0
2014-07-12,2976.3513513513512,0
2014-07-13,2606.9166666666665,0
2014-07-14,3527.913043478261,0
2014-07-15,3835.5833333333335,0
2014-07-16,3862.4166666666665,0
2014-07-17,3919.0833333333335,0
2014-07-18,3907.25,0
2014-07-19,2997.375,0
2014-07-20,2629.5416666666665,0
2014-07-21,3705.5416666666665,0
2014-07-22,3811.0833333333335,0
2014-07-23,3891.1666666666665,0
2014-07-24,519.3333333333334,0
2014-07-25,3791.793103448276,0
2014-07-26,2934.75,0
2014-07-27,2506.375,0
2014-07-28,3247.25,1
2014-07-29,3988.125,1
2014-07-30,4729.0,0
2014-07-31,4201.478260869565,0
2014-08-01,4094.8260869565215,0
2014-08-02,1041.142857142857,0
2014-08-03,3746.3846153846152,0
2014-08-04,4275.727272727273,0
2014-08-05,3643.923076923077,0
2014-08-06,3841.2758620689656,0
2014-08-07,3331.214285714286,0
2014-08-08,682.0,0
2014-08-09,689.1791530944625,1
2014-08-10,696.3583061889251,1
2014-08-11,703.5374592833876,1
2014-08-12,710.7166123778502,1
2014-08-13,717.8957654723127,1
2014-08-14,725.0749185667753,1
2014-08-15,732.2540716612377,1
2014-08-16,739.4332247557003,1
2014-08-17,746.6123778501628,1
2014-08-18,753.7915309446254,1
2014-08-19,760.9706840390879,1
2014-08-20,768.1498371335505,1
2014-08-21,775.328990228013,1
2014-08-22,782.5081433224756,1
2014-08-23,789.6872964169381,1
2014-08-24,796.8664495114007,1
2014-08-25,804.0456026058632,1
2014-08-26,811.2247557003257,1
2014-08-27,818.4039087947883,1
2014-08-28,825.5830618892508,1
2014-08-29,832.7622149837133,1
2014-08-30,839.9413680781759,1
2014-08-31,847.1205211726384,1
2014-09-01,854.299674267101,1
2014-09-02,861.4788273615635,1
2014-09-03,868.657980456026,1
2014-09-04,875.8371335504886,1
2014-09-05,883.0162866449512,1
2014-09-06,890.1954397394137,1
2014-09-07,897.3745928338762,1
2014-09-08,904.5537459283387,1
2014-09-09,911.7328990228013,1
2014-09-10,918.9120521172638,1
2014-09-11,926.0912052117263,1
2014-09-12,933.2703583061889,1
2014-09-13,940.4495114006514,1
2014-09-14,947.628664495114,1
2014-09-15,954.8078175895765,1
2014-09-16,961.9869706840391,1
2014-09-17,969.1661237785016,1
2014-09-18,976.3452768729642,1
2014-09-19,983.5244299674266,1
2014-09-20,990.7035830618893,1
2014-09-21,997.8827361563517,1
2014-09-22,1005.0618892508144,1
2014-09-23,1012.2410423452768,1
2014-09-24,1019.4201954397395,1
2014-09-25,1026.599348534202,1
2014-09-26,1033.7785016286643,1
2014-09-27,1040.957654723127,1
2014-09-28,1048.1368078175897,1
2014-09-29,1055.315960912052,1
2014-09-30,1062.4951140065145,1
2014-10-01,1069.6742671009772,1
2014-10-02,1076.8534201954396,1
2014-10-03,1084.0325732899023,1
2014-10-04,1091.2117263843647,1
2014-10-05,1098.3908794788274,1
2014-10-06,1105.5700325732898,1
2014-10-07,1112.7491856677525,1
2014-10-08,1119.928338762215,1
2014-10-09,1127.1074918566774,1
2014-10-10,1134.28664495114,1
2014-10-11,1141.4657980456027,1
2014-10-12,1148.6449511400651,1
2014-10-13,1155.8241042345276,1
2014-10-14,1163.0032573289902,1
2014-10-15,1170.1824104234527,1
2014-10-16,1177.3615635179153,1
2014-10-17,1184.5407166123778,1
2014-10-18,1191.7198697068404,1
2014-10-19,1198.8990228013029,1
2014-10-20,1206.0781758957655,1
2014-10-21,1213.257328990228,1
2014-10-22,1220.4364820846904,1
2014-10-23,1227.615635179153,1
2014-10-24,1234.7947882736157,1
2014-10-25,1241.9739413680782,1
2014-10-26,1249.1530944625406,1
2014-10-27,1256.3322475570033,1
2014-10-28,1263.511400651466,1
2014-10-29,1270.6905537459284,1
2014-10-30,1277.8697068403908,1
2014-10-31,1285.0488599348532,1
2014-11-01,1292.228013029316,1
2014-11-02,1299.4071661237786,1
2014-11-03,1306.586319218241,1
2014-11-04,1313.7654723127034,1
2014-11-05,1320.944625407166,1
2014-11-06,1328.1237785016287,1
2014-11-07,1335.3029315960912,1
2014-11-08,1342.4820846905536,1
2014-11-09,1349.6612377850163,1
2014-11-10,1356.840390879479,1
2014-11-11,1364.0195439739414,1
2014-11-12,1371.1986970684038,1
2014-11-13,1378.3778501628663,1
2014-11-14,1385.557003257329,1
2014-11-15,1392.7361563517916,1
2014-11-16,1399.915309446254,1
2014-11-17,1407.0944625407164,1
2014-11-18,1414.273615635179,1
2014-11-19,1421.4527687296418,1
2014-11-20,1428.6319218241042,1
2014-11-21,1435.8110749185666,1
2014-11-22,1442.9902280130293,1
2014-11-23,1450.169381107492,1
2014-11-24,1457.3485342019544,1
2014-11-25,1464.5276872964168,1
2014-11-26,1471.7068403908793,1
2014-11-27,1478.885993485342,1
2014-11-28,1486.0651465798046,1
2014-11-29,1493.244299674267,1
2014-11-30,1500.4234527687295,1
2014-12-01,1507.6026058631921,1
2014-12-02,1514.7817589576548,1
2014-12-03,1521.9609120521172,1
2014-12-04,1529.1400651465797,1
2014-12-05,1536.3192182410423,1
2014-12-06,1543.498371335505,1
2014-12-07,1550.6775244299674,1
2014-12-08,1557.8566775244299,1
2014-12-09,1565.0358306188923,1
2014-12-10,1572.214983713355,1
2014-12-11,1579.3941368078176,1
2014-12-12,1586.57328990228,1
2014-12-13,1593.7524429967425,1
2014-12-14,1600.9315960912052,1
2014-12-15,1608.1107491856678,1
2014-12-16,1615.2899022801303,1
2014-12-17,1622.4690553745927,1
2014-12-18,1629.6482084690554,1
2014-12-19,1636.827361563518,1
2014-12-20,1644.0065146579805,1
2014-12-21,1651.185667752443,1
2014-12-22,1658.3648208469053,1
2014-12-23,1665.543973941368,1
2014-12-24,1672.7231270358307,1
2014-12-25,1679.902280130293,1
2014-12-26,1687.0814332247555,1
2014-12-27,1694.2605863192182,1
2014-12-28,1701.4397394136809,1
2014-12-29,1708.6188925081433,1
2014-12-30,1715.7980456026057,1
2014-12-31,1722.9771986970684,1
2015-01-01,1730.1563517915308,1
2015-01-02,1737.3355048859935,1
2015-01-03,1744.514657980456,1
2015-01-04,1751.6938110749186,1
2015-01-05,1758.872964169381,1
2015-01-06,1766.0521172638437,1
2015-01-07,1773.2312703583061,1
2015-01-08,1780.4104234527688,1
2015-01-09,1787.5895765472312,1
2015-01-10,1794.7687296416937,1
2015-01-11,1801.9478827361563,1
2015-01-12,1809.1270358306188,1
2015-01-13,1816.3061889250814,1
2015-01-14,1823.4853420195439,1
2015-01-15,1830.6644951140065,1
2015-01-16,1837.843648208469,1
2015-01-17,1845.0228013029316,1
2015-01-18,1852.201954397394,1
2015-01-19,1859.3811074918567,1
2015-01-20,1866.5602605863191,1
2015-01-21,1873.7394136807818,1
2015-01-22,1880.9185667752442,1
2015-01-23,1888.0977198697067,1
2015-01-24,1895.2768729641693,1
2015-01-25,1902.4560260586318,1
2015-01-26,1909.6351791530944,1
2015-01-27,1916.8143322475569,1
2015-01-28,1923.9934853420195,1
2015-01-29,1931.172638436482,1
2015-01-30,1938.3517915309446,1
2015-01-31,1945.530944625407,1
2015-02-01,1952.7100977198697,1
2015-02-02,1959.8892508143322,1
2015-02-03,1967.0684039087948,1
2015-02-04,1974.2475570032573,1
2015-02-05,1981.4267100977197,1
2015-02-06,1988.6058631921824,1
2015-02-07,1995.7850162866448,1
2015-02-08,2002.9641693811075,1
2015-02-09,2010.14332247557,1
2015-02-10,2017.3224755700326,1
2015-02-11,2024.501628664495,1
2015-02-12,2031.6807817589577,1
2015-02-13,2038.85993485342,1
2015-02-14,2046.0390879478828,1
2015-02-15,2053.218241042345,1
2015-02-16,2060.3973941368076,1
2015-02-17,2067.5765472312705,1
2015-02-18,2074.7557003257325,1
2015-02-19,2081.9348534201954,1
2015-02-20,2089.114006514658,1
2015-02-21,2096.2931596091203,1
2015-02-22,2103.472312703583,1
2015-02-23,2110.6514657980456,1
2015-02-24,2117.830618892508,1
2015-02-25,2125.009771986971,1
2015-02-26,2132.188925081433,1
2015-02-27,2139.368078175896,1
2015-02-28,2146.547231270358,1
2015-03-01,2153.7263843648207,1
2015-03-02,2160.9055374592836,1
2015-03-03,2168.0846905537455,1
2015-03-04,2175.2638436482084,1
2015-03-05,2182.442996742671,1
2015-03-06,2189.6221498371333,1
2015-03-07,2196.801302931596,1
2015-03-08,2203.9804560260586,1
2015-03-09,2211.159609120521,1
2015-03-10,2218.338762214984,1
2015-03-11,2225.517915309446,1
2015-03-12,2232.697068403909,1
2015-03-13,2239.8762214983713,1
2015-03-14,2247.0553745928337,1
2015-03-15,2254.2345276872966,1
2015-03-16,2261.4136807817586,1
2015-03-17,2268.5928338762214,1
2015-03-18,2275.771986970684,1
2015-03-19,2282.9511400651463,1
2015-03-20,2290.130293159609,1
2015-03-21,2297.3094462540716,1
2015-03-22,2304.488599348534,1
2015-03-23,2311.667752442997,1
2015-03-24,2318.846905537459,1
2015-03-25,2326.026058631922,1
2015-03-26,2333.2052117263843,1
2015-03-27,2340.3843648208467,1
2015-03-28,2347.5635179153096,1
2015-03-29,2354.7426710097716,1
2015-03-30,2361.9218241042345,1
2015-03-31,2369.100977198697,1
2015-04-01,2376.2801302931593,1
2015-04-02,2383.4592833876222,1
2015-04-03,2390.6384364820847,1
2015-04-04,2397.817589576547,1
2015-04-05,2404.99674267101,1
2015-04-06,2412.175895765472,1
2015-04-07,2419.355048859935,1
2015-04-08,2426.5342019543973,1
2015-04-09,2433.7133550488597,1
2015-04-10,2440.8925081433226,1
2015-04-11,2448.0716612377846,1
2015-04-12,2455.2508143322475,1
2015-04-13,2462.42996742671,1
2015-04-14,2469.6091205211724,1
2015-04-15,2476.7882736156353,1
2015-04-16,2483.9674267100977,1
2015-04-17,2491.14657980456,1
2015-04-18,2498.325732899023,1
2015-04-19,2505.504885993485,1
2015-04-20,2512.684039087948,1
2015-04-21,2519.8631921824103,1
2015-04-22,2527.0423452768728,1
2015-04-23,2534.2214983713357,1
2015-04-24,2541.4006514657976,1
2015-04-25,2548.5798045602605,1
2015-04-26,2555.758957654723,1
2015-04-27,2562.9381107491854,1
2015-04-28,2570.1172638436483,1
2015-04-29,2577.2964169381107,1
2015-04-30,2584.475570032573,1
2015-05-01,2591.654723127036,1
2015-05-02,2598.833876221498,1
2015-05-03,2606.013029315961,1
2015-05-04,2613.1921824104234,1
2015-05-05,2620.371335504886,1
2015-05-06,2627.5504885993487,1
2015-05-07,2634.7296416938107,1
2015-05-08,2641.9087947882736,1
2015-05-09,2649.087947882736,1
2015-05-10,2656.2671009771984,1
2015-05-11,2663.4462540716613,1
2015-05-12,2670.6254071661238,1
2015-05-13,2677.804560260586,1
2015-05-14,2684.983713355049,1
2015-05-15,2692.162866449511,1
2015-05-16,2699.342019543974,1
2015-05-17,2706.5211726384364,1
2015-05-18,2713.700325732899,1
2015-05-19,2720.8794788273617,1
2015-05-20,2728.0586319218237,1
2015-05-21,2735.2377850162866,1
2015-05-22,2742.416938110749,1
2015-05-23,2749.5960912052115,1
2015-05-24,2756.7752442996743,1
2015-05-25,2763.954397394137,1
2015-05-26,2771.133550488599,1
2015-05-27,2778.3127035830616,1
2015-05-28,2785.4918566775245,1
2015-05-29,2792.671009771987,1
2015-05-30,2799.8501628664494,1
2015-05-31,2807.029315960912,1
2015-06-01,2814.2084690553743,1
2015-06-02,2821.387622149837,1
2015-06-03,2828.5667752442996,1
2015-06-04,2835.745928338762,1
2015-06-05,2842.9250814332245,1
2015-06-06,2850.1042345276874,1
2015-06-07,2857.28338762215,1
2015-06-08,2864.4625407166122,1
2015-06-09,2871.6416938110747,1
2015-06-10,2878.8208469055376,1
2015-06-11,2886.0,0
2015-06-12,3591.3333333333335,0
2015-06-13,2545.5,0
2015-06-14,2909.0,0
2015-06-15,3263.4,1
2015-06-16,3617.8,1
2015-06-17,3972.2,1
2015-06-18,4326.6,1
2015-06-19,4681.0,0
2015-06-20,4045.0,0
2015-06-21,3311.75,1
2015-06-22,2578.5,0
2015-06-23,3374.0,1
2015-06-24,4169.5,0
2015-06-25,3418.3076923076924,0
2015-06-26,3676.478260869565,0
2015-06-27,2645.6153846153848,0
2015-06-28,2331.848484848485,0
2015-06-29,3405.4871794871797,0
2015-06-30,3726.4,0
2015-07-01,3569.782608695652,0
2015-07-02,3584.7916666666665,0
2015-07-03,2681.9166666666665,0
2015-07-04,1767.1025641025642,0
2015-07-05,2254.269230769231,0
2015-07-06,3532.59375,0
2015-07-07,3511.0833333333335,0
2015-07-08,3650.8333333333335,0
2015-07-09,3728.6666666666665,0
2015-07-10,3659.0833333333335,0
2015-07-11,2750.8076923076924,0
2015-07-12,2242.8,0
2015-07-13,2911.1724137931033,0
2015-07-14,3496.6666666666665,0
2015-07-15,3512.84,0
2015-07-16,4022.733333333333,0
2015-07-17,3583.703703703704,0
2015-07-18,2326.8387096774195,0
2015-07-19,2686.7916666666665,0
2015-07-20,3478.0,0
2015-07-21,3588.7083333333335,0
2015-07-22,3615.25,0
2015-07-23,3621.5833333333335,0
2015-07-24,3633.794117647059,0
2015-07-25,1611.3076923076924,0
2015-07-26,2032.6538461538462,0
2015-07-27,3413.625,0
2015-07-28,3720.1724137931033,0
2015-07-29,3382.782608695652,0
2015-07-30,3743.695652173913,0
2015-07-31,3804.7916666666665,0
2015-08-01,2407.0416666666665,0
2015-08-02,2322.25,0
2015-08-03,3514.4166666666665,0
2015-08-04,3581.0833333333335,0
2015-08-05,3795.9583333333335,0
2015-08-06,3656.5151515151515,0
2015-08-07,3311.6,0
2015-08-08,2818.423076923077,0
2015-08-09,2608.6875,0
2015-08-10,3320.5384615384614,0
2015-08-11,3570.0,0
2015-08-12,3792.625,0
2015-08-13,3412.6296296296296,0
2015-08-14,3625.76,0
2015-08-15,2758.653846153846,0
2015-08-16,2586.027777777778,0
2015-08-17,3231.4615384615386,0
2015-08-18,3811.1304347826085,0
2015-08-19,3844.722222222222,0
2015-08-20,3805.75,0
2015-08-21,3724.5,0
2015-08-22,2907.0,0
2015-08-23,2353.6296296296296,0
2015-08-24,3543.2916666666665,0
2015-08-25,3783.478260869565,0
2015-08-26,3719.32,0
2015-08-27,3843.625,0
2015-08-28,3954.16,0
2015-08-29,2631.181818181818,0
2015-08-30,2566.923076923077,0
2015-08-31,3585.1111111111113,0
2015-09-01,3624.25,0
2015-09-02,4391.424242424242,0
2015-09-03,3727.212121212121,0
2015-09-04,3794.7083333333335,0
2015-09-05,2768.5,0
2015-09-06,2219.891891891892,0
2015-09-07,2430.2916666666665,0
2015-09-08,3466.0,0
2015-09-09,3282.0,0
2015-09-10,3527.0789473684213,0
2015-09-11,3659.5,0
2015-09-12,1701.1290322580646,0
2015-09-13,2342.3333333333335,0
2015-09-14,3694.0434782608695,0
2015-09-15,3793.4166666666665,0
2015-09-16,2960.0344827586205,0
2015-09-17,4035.673469387755,0
2015-09-18,3817.3529411764707,0
2015-09-19,2982.64,0
2015-09-20,2666.0,0
2015-09-21,3648.4285714285716,0
2015-09-22,3459.4285714285716,0
2015-09-23,3558.842105263158,0
2015-09-24,3961.16,0
2015-09-25,3646.1111111111113,0
2015-09-26,2366.3333333333335,0
2015-09-27,2498.095238095238,0
2015-09-28,3898.0434782608695,0
2015-09-29,3476.7619047619046,0
2015-09-30,3715.3636363636365,0
2015-10-01,3540.55,0
2015-10-02,3686.15,0
2015-10-03,3054.6666666666665,0
2015-10-04,2724.2380952380954,0
2015-10-05,3612.0,0
2015-10-06,3541.1,0
2015-10-07,3505.296296296296,0
2015-10-08,3698.885714285714,0
2015-10-09,3473.125,0
2015-10-10,2236.95,0
2015-10-11,1723.8260869565217,0
2015-10-12,3747.035714285714,0
2015-10-13,3483.16,0
2015-10-14,3115.6,0
2015-10-15,3990.809523809524,0
2015-10-16,3500.222222222222,0
2015-10-17,2416.818181818182,0
2015-10-18,2078.0588235294117,0
2015-10-19,3264.7894736842104,0
2015-10-20,3891.846153846154,0
2015-10-21,3921.25,0
2015-10-22,3769.65,0
2015-10-23,3070.733333333333,0
2015-10-24,3231.335714285714,1
2015-10-25,3391.9380952380952,1
2015-10-26,3552.5404761904765,1
2015-10-27,3713.1428571428573,0
2015-10-28,3594.682926829268,0
2015-10-29,3368.409090909091,0
2015-10-30,3750.5,0
2015-10-31,2711.9565217391305,0
2015-11-01,2306.0,0
2015-11-02,3543.3076923076924,0
2015-11-03,3553.4375,0
2015-11-04,3889.6666666666665,0
2015-11-05,4066.285714285714,0
2015-11-06,3943.846153846154,0
2015-11-07,2827.4615384615386,0
2015-11-08,2271.3076923076924,0
2015-11-09,3216.285714285714,0
2015-11-10,3665.0,0
2015-11-11,2993.5,0
2015-11-12,2949.05,0
2015-11-13,3380.6153846153848,0
2015-11-14,3012.0714285714284,0
2015-11-15,2159.0588235294117,0
2015-11-16,3279.6,0
2015-11-17,3633.3823529411766,0
2015-11-18,3421.36,0
2015-11-19,2795.470588235294,0
2015-11-20,3380.9285714285716,0
2015-11-21,3145.4615384615386,0
2015-11-22,2341.785714285714,0
2015-11-23,3446.3076923076924,0
2015-11-24,3350.0,0
2015-11-25,3450.076923076923,0
2015-11-26,2016.6363636363637,0
2015-11-27,2716.846153846154,0
2015-11-28,2810.214285714286,0
2015-11-29,2560.846153846154,0
2015-11-30,3031.8333333333335,0
2015-12-01,3221.1304347826085,0
2015-12-02,3263.6315789473683,0
2015-12-03,3792.0,0
2015-12-04,3879.846153846154,0
2015-12-05,3030.3846153846152,0
2015-12-06,2482.95,0
2015-12-07,2781.0,0
2015-12-08,3826.277777777778,0
2015-12-09,2939.0555555555557,0
2015-12-10,3996.125,0
2015-12-11,3839.0714285714284,0
2015-12-12,3093.294117647059,0
2015-12-13,2290.7391304347825,0
2015-12-14,3961.1739130434785,0
2015-12-15,4143.235294117647,0
2015-12-16,3767.9444444444443,0
2015-12-17,3894.5,0
2015-12-18,3794.076923076923,0
2015-12-19,2774.733333333333,0
2015-12-20,2200.777777777778,0
2015-12-21,3256.0666666666666,0
2015-12-22,3828.769230769231,0
2015-12-23,4083.7083333333335,0
2015-12-24,2600.6428571428573,0
2015-12-25,1559.25,0
2015-12-26,1478.148148148148,0
2015-12-27,2256.8947368421054,0
2015-12-28,2666.9523809523807,0
2015-12-29,2360.1724137931033,0
2015-12-30,3227.470588235294,0
2015-12-31,3560.230769230769,0
2016-01-01,1815.2105263157894,0
2016-01-02,2278.777777777778,0
2016-01-03,2202.153846153846,0
2016-01-04,3899.5714285714284,0
2016-01-05,3595.294117647059,0
2016-01-06,3093.6363636363635,0
2016-01-07,3209.34375,0
2016-01-08,3017.3030303030305,0
2016-01-09,2877.875,0
2016-01-10,2315.9333333333334,0
2016-01-11,2918.695652173913,0
2016-01-12,2976.8125,0
2016-01-13,3210.9375,0
2016-01-14,3793.1428571428573,0
2016-01-15,3233.2105263157896,0
2016-01-16,2848.3888888888887,0
2016-01-17,2006.0588235294117,0
2016-01-18,3087.0714285714284,0
2016-01-19,3502.5384615384614,0
2016-01-20,3613.4074074074074,0
2016-01-21,3769.5666666666666,0
2016-01-22,3897.3333333333335,0
2016-01-23,2902.875,0
2016-01-24,2557.1304347826085,0
2016-01-25,3732.5714285714284,0
2016-01-26,3291.6,0
2016-01-27,3359.875,0
2016-01-28,3646.222222222222,0
2016-01-29,3570.782608695652,0
2016-01-30,2733.4166666666665,0
2016-01-31,2287.0,0
2016-02-01,3950.269230769231,0
2016-02-02,2463.4827586206898,0
2016-02-03,2540.3076923076924,0
2016-02-04,3436.909090909091,0
2016-02-05,3854.9032258064517,0
2016-02-06,2748.064516129032,0
2016-02-07,2296.3333333333335,0
2016-02-08,3667.375,0
2016-02-09,3793.681818181818,0
2016-02-10,3371.1666666666665,0
2016-02-11,3443.2105263157896,0
2016-02-12,3878.9444444444443,0
2016-02-13,2721.55,0
2016-02-14,2264.8260869565215,0
2016-02-15,3098.8260869565215,0
2016-02-16,2853.464285714286,0
2016-02-17,3051.5,0
2016-02-18,3495.714285714286,0
2016-02-19,4216.75,0
2016-02-20,3085.785714285714,0
2016-02-21,2564.2,0
2016-02-22,3214.8333333333335,0
2016-02-23,3997.21875,0
2016-02-24,3100.0666666666666,0
2016-02-25,3893.0,0
2016-02-26,3795.0,0
2016-02-27,2969.0,0
2016-02-28,2778.1428571428573,0
2016-02-29,3670.923076923077,0
2016-03-01,3871.5714285714284,0
2016-03-02,3482.769230769231,0
2016-03-03,3975.181818181818,0
2016-03-04,4238.736842105263,0
2016-03-05,2979.923076923077,0
2016-03-06,2208.9333333333334,0
2016-03-07,3848.3125,0
2016-03-08,3666.8333333333335,0
2016-03-09,3972.35,0
2016-03-10,3753.8571428571427,0
2016-03-11,3843.8,0
2016-03-12,3265.0,0
2016-03-13,2284.409090909091,0
2016-03-14,3186.264705882353,0
2016-03-15,3979.294117647059,0
2016-03-16,3287.9545454545455,0
2016-03-17,3309.689655172414,0
2016-03-18,3488.875,0
2016-03-19,2493.9565217391305,0
2016-03-20,2721.1428571428573,0
2016-03-21,3294.0,0
2016-03-22,3678.375,0
2016-03-23,3680.5652173913045,0
2016-03-24,3486.5625,0
2016-03-25,3490.8888888888887,0
2016-03-26,2506.3076923076924,0
2016-03-27,1462.9655172413793,0
2016-03-28,3050.315789473684,0
2016-03-29,3919.5882352941176,0
2016-03-30,3902.185185185185,0
2016-03-31,4192.789473684211,0
2016-04-01,4205.555555555556,0
2016-04-02,3096.75,0
2016-04-03,2686.214285714286,0
2016-04-04,3485.5882352941176,0
2016-04-05,4116.615384615385,0
2016-04-06,3524.846153846154,0
2016-04-07,4124.59375,0
2016-04-08,3917.4074074074074,0
2016-04-09,2957.4285714285716,0
2016-04-10,2551.5555555555557,0
2016-04-11,3371.235294117647,0
2016-04-12,3861.705882352941,0
2016-04-13,3265.904761904762,0
2016-04-14,4011.8636363636365,0
2016-04-15,3769.1428571428573,0
2016-04-16,3009.0,0
2016-04-17,2400.45,0
2016-04-18,3663.52,0
2016-04-19,3435.0588235294117,0
2016-04-20,3876.5263157894738,0
2016-04-21,3731.4634146341464,0
2016-04-22,3940.5238095238096,0
2016-04-23,2956.0,0
2016-04-24,2829.7166666666667,0
2016-04-25,3367.061224489796,0
2016-04-26,3623.0,0
2016-04-27,3839.8571428571427,0
2016-04-28,3747.6382978723404,0
2016-04-29,3419.266666666667,0
2016-04-30,3125.0833333333335,0
2016-05-01,2659.9583333333335,0
2016-05-02,3454.7916666666665,0
2016-05-03,3683.75,0
2016-05-04,3817.25,0
2016-05-05,3959.7083333333335,0
2016-05-06,3831.0,0
2016-05-07,2627.121212121212,0
2016-05-08,2743.25,0
2016-05-09,3291.1875,0
2016-05-10,3633.1521739130435,0
2016-05-11,3910.875,0
2016-05-12,3387.5333333333333,0
2016-05-13,4126.59375,0
2016-05-14,2810.5416666666665,0
2016-05-15,2681.9583333333335,0
2016-05-16,3432.608695652174,0
2016-05-17,3628.1666666666665,0
2016-05-18,3617.0416666666665,0
2016-05-19,3724.1666666666665,0
2016-05-20,3843.4583333333335,0
2016-05-21,3080.9583333333335,0
2016-05-22,2601.9583333333335,0
2016-05-23,3522.7586206896553,0
2016-05-24,3679.3703703703704,0
2016-05-25,3884.344827586207,0
2016-05-26,3236.09375,0
2016-05-27,4044.7368421052633,0
2016-05-28,2663.777777777778,0
2016-05-29,2094.6774193548385,0
2016-05-30,1858.96875,0
2016-05-31,3660.464285714286,0
2016-06-01,3717.0416666666665,0
2016-06-02,3744.2083333333335,0
2016-06-03,4149.75,0
2016-06-04,3109.09375,0
2016-06-05,2728.0,0
2016-06-06,3645.64,0
2016-06-07,3774.2916666666665,0
2016-06-08,3889.5416666666665,0
2016-06-09,3798.4583333333335,0
2016-06-10,3838.375,0
2016-06-11,2862.1666666666665,0
2016-06-12,2581.375,0
2016-06-13,3563.75,0
2016-06-14,3614.7083333333335,0
2016-06-15,3834.9583333333335,0
2016-06-16,3926.375,0
2016-06-17,3884.125,0
2016-06-18,3433.7083333333335,0
2016-06-19,3009.0,0
2016-06-20,3646.5,0
2016-06-21,3772.5416666666665,0
2016-06-22,3864.7916666666665,0
2016-06-23,3973.3333333333335,0
2016-06-24,3979.1923076923076,0
2016-06-25,2899.92,0
2016-06-26,2547.625,0
2016-06-27,3287.2083333333335,0
2016-06-28,3441.125,0
2016-06-29,3427.5,0
2016-06-30,3396.04,0
2016-07-01,3314.8333333333335,0
2016-07-02,2350.0416666666665,0
2016-07-03,2148.0,0
2016-07-04,1944.9166666666667,0
2016-07-05,3098.9142857142856,0
2016-07-06,3500.0,0
2016-07-07,3270.1785714285716,0
2016-07-08,3336.5,0
2016-07-09,1893.3793103448277,0
2016-07-10,2288.212121212121,0
2016-07-11,3108.92,0
2016-07-12,3124.5,0
2016-07-13,3372.375,0
2016-07-14,3476.9166666666665,0
2016-07-15,3478.875,0
2016-07-16,2714.75,0
2016-07-17,2388.3333333333335,0
2016-07-18,3210.7083333333335,0
2016-07-19,3261.0,0
2016-07-20,3389.125,0
2016-07-21,3414.7586206896553,0
2016-07-22,2718.9333333333334,0
2016-07-23,192.94285714285715,0
2016-07-24,825.3333333333334,0
2016-07-25,3286.875,0
2016-07-26,3344.5,0
2016-07-27,3790.285714285714,0
2016-07-28,3420.6666666666665,0
2016-07-29,3195.6666666666665,0
2016-07-30,2225.125,0
2016-07-31,2137.9166666666665,0
2016-08-01,3288.7083333333335,0
2016-08-02,3485.25,0
2016-08-03,3421.1428571428573,0
2016-08-04,3495.9583333333335,0
2016-08-05,3599.5416666666665,0
2016-08-06,3132.4583333333335,0
2016-08-07,2828.875,0
2016-08-08,3329.25,0
2016-08-09,3456.875,0
2016-08-10,3363.0,0
2016-08-11,3552.7916666666665,0
2016-08-12,3434.875,0
2016-08-13,2652.0416666666665,0
2016-08-14,2446.0416666666665,0
2016-08-15,3281.125,0
2016-08-16,3326.25,0
2016-08-17,3441.2083333333335,0
2016-08-18,3422.4583333333335,0
2016-08-19,3559.0416666666665,0
2016-08-20,2915.5862068965516,0
2016-08-21,2467.5833333333335,0
2016-08-22,3378.8333333333335,0
2016-08-23,2969.4545454545455,0
2016-08-24,2735.529411764706,0
2016-08-25,3612.0,0
2016-08-26,3609.4,0
2016-08-27,3015.125,0
2016-08-28,2246.818181818182,0
2016-08-29,3260.2,0
2016-08-30,2794.0967741935483,0
2016-08-31,3241.1428571428573,0
2016-09-01,3265.095238095238,0
2016-09-02,3493.0,0
2016-09-03,2621.7083333333335,0
2016-09-04,2469.1153846153848,0
2016-09-05,1868.35,0
2016-09-06,3096.1702127659573,0
2016-09-07,3617.909090909091,0
2016-09-08,3455.0833333333335,0
2016-09-09,3069.5666666666666,0
2016-09-10,3041.08,0
2016-09-11,2703.5416666666665,0
2016-09-12,3367.769230769231,0
2016-09-13,3472.2,0
2016-09-14,3484.75,0
2016-09-15,3539.0967741935483,0
2016-09-16,3101.814814814815,0
2016-09-17,2970.0833333333335,0
2016-09-18,2617.5,0
2016-09-19,3317.1666666666665,0
2016-09-20,3420.7391304347825,0
2016-09-21,3569.5833333333335,0
2016-09-22,3404.25,0
2016-09-23,3402.4583333333335,0
2016-09-24,2957.0,0
2016-09-25,2507.0833333333335,0
2016-09-26,3295.9583333333335,0
2016-09-27,3260.2916666666665,0
2016-09-28,3396.25,0
2016-09-29,3466.36,0
2016-09-30,3540.375,0
2016-10-01,2843.9166666666665,0
2016-10-02,2492.0833333333335,0
2016-10-03,3285.1666666666665,0
2016-10-04,3460.5833333333335,0
2016-10-05,3477.4583333333335,0
2016-10-06,3411.3333333333335,0
2016-10-07,3510.25,0
2016-10-08,3137.0,0
2016-10-09,2597.391304347826,0
2016-10-10,3237.782608695652,0
2016-10-11,3407.6666666666665,0
2016-10-12,3292.5833333333335,0
2016-10-13,3501.7916666666665,0
2016-10-14,3583.782608695652,0
2016-10-15,2677.5238095238096,0
2016-10-16,2562.6363636363635,0
2016-10-17,3331.4166666666665,0
2016-10-18,3462.7916666666665,0
2016-10-19,3396.0,0
2016-10-20,3678.684210526316,0
2016-10-21,3529.8695652173915,0
2016-10-22,2660.478260869565,0
2016-10-23,2533.9166666666665,0
2016-10-24,3234.875,0
2016-10-25,3293.5,0
2016-10-26,3300.2916666666665,0
2016-10-27,3517.5416666666665,0
2016-10-28,3575.6666666666665,0
2016-10-29,2775.2083333333335,0
2016-10-30,2202.875,0
2016-10-31,3225.125,0
2016-11-01,3491.125,0
2016-11-02,3282.72,0
2016-11-03,3721.16,0
2016-11-04,3683.769230769231,0
2016-11-05,2672.0,0
2016-11-06,2124.84,0
2016-11-07,3260.8333333333335,0
2016-11-08,3307.875,0
2016-11-09,3544.32,0
2016-11-10,3449.3333333333335,0
2016-11-11,3442.1666666666665,0
2016-11-12,2646.625,0
2016-11-13,2116.2916666666665,0
2016-11-14,3145.44,0
2016-11-15,2896.972972972973,0
2016-11-16,3020.8888888888887,0
2016-11-17,3617.6666666666665,0
2016-11-18,3652.9464285714284,0
2016-11-19,2710.3333333333335,0
2016-11-20,2231.5,0
2016-11-21,3265.6666666666665,0
2016-11-22,3273.8076923076924,0
2016-11-23,3074.8627450980393,0
2016-11-24,2219.190476190476,0
2016-11-25,2011.3,0
2016-11-26,1936.157894736842,0
2016-11-27,2014.4727272727273,0
2016-11-28,2935.7843137254904,0
2016-11-29,2869.948717948718,0
2016-11-30,3125.2131147540986,0
2016-12-01,3225.5862068965516,0
2016-12-02,3857.9583333333335,0
2016-12-03,3043.08,0
2016-12-04,2281.5526315789475,0
2016-12-05,3769.0666666666666,0
2016-12-06,3614.375,0
2016-12-07,3915.0384615384614,0
2016-12-08,3450.535714285714,0
2016-12-09,4016.3703703703704,0
2016-12-10,2875.7741935483873,0
2016-12-11,1904.8653846153845,0
2016-12-12,3556.9736842105262,0
2016-12-13,3639.2916666666665,0
2016-12-14,3868.3333333333335,0
2016-12-15,3637.625,0
2016-12-16,2682.871794871795,0
2016-12-17,1696.725,0
2016-12-18,1948.4347826086957,0
2016-12-19,3223.846153846154,0
2016-12-20,3688.9166666666665,0
2016-12-21,3558.4166666666665,0
2016-12-22,3538.3333333333335,0
2016-12-23,3607.0714285714284,0
2016-12-24,2450.4285714285716,0
2016-12-25,1498.9016393442623,0
2016-12-26,2197.1111111111113,0
2016-12-27,3150.75,0
2016-12-28,3375.9166666666665,0
2016-12-29,3431.9166666666665,0
2016-12-30,3405.5833333333335,0
2016-12-31,2686.375,0
2017-01-01,2127.625,0
2017-01-02,2376.3809523809523,0
2017-01-03,2675.1290322580644,0
2017-01-04,3405.24,0
2017-01-05,2900.8387096774195,0
2017-01-06,3330.653846153846,0
2017-01-07,2749.75,0
2017-01-08,2316.7916666666665,0
2017-01-09,3450.969696969697,0
2017-01-10,3079.4594594594596,0
2017-01-11,2942.1935483870966,0
2017-01-12,3722.8846153846152,0
2017-01-13,3639.7916666666665,0
2017-01-14,2752.0833333333335,0
2017-01-15,2113.714285714286,0
2017-01-16,2790.1,0
2017-01-17,3311.2,0
2017-01-18,3301.4166666666665,0
2017-01-19,3340.0,0
2017-01-20,3359.1403508771928,0
2017-01-21,2977.1290322580644,0
2017-01-22,1960.179487179487,0
2017-01-23,3535.0,0
2017-01-24,3356.08,0
2017-01-25,3530.4827586206898,0
2017-01-26,3788.5,0
2017-01-27,3813.5416666666665,0
2017-01-28,3026.875,0
2017-01-29,2424.625,0
2017-01-30,2897.2195121951218,0
2017-01-31,2695.7179487179487,0
2017-02-01,3614.4583333333335,0
2017-02-02,3627.6666666666665,0
2017-02-03,3854.0,0
2017-02-04,3030.25,0
2017-02-05,2422.0833333333335,0
2017-02-06,3441.0833333333335,0
2017-02-07,3508.0,0
2017-02-08,3790.2916666666665,0
2017-02-09,3701.9583333333335,0
2017-02-10,3564.125,0
2017-02-11,2738.0,0
2017-02-12,2245.551724137931,0
2017-02-13,3612.0625,0
2017-02-14,3869.6521739130435,0
2017-02-15,3675.75,0
2017-02-16,3831.625,0
2017-02-17,3844.625,0
2017-02-18,3070.0,0
2017-02-19,2618.5833333333335,0
2017-02-20,3103.4166666666665,0
2017-02-21,3925.6363636363635,0
2017-02-22,3383.243902439024,0
2017-02-23,3891.2916666666665,0
2017-02-24,3613.9615384615386,0
2017-02-25,3008.9166666666665,0
2017-02-26,2563.875,0
2017-02-27,3669.2916666666665,0
2017-02-28,3790.527777777778,0
2017-03-01,3371.935483870968,0
2017-03-02,3818.375,0
2017-03-03,3831.846153846154,0
2017-03-04,2981.0,0
2017-03-05,2660.1666666666665,0
2017-03-06,3700.4375,0
2017-03-07,3758.7916666666665,0
2017-03-08,3815.25,0
2017-03-09,3985.4166666666665,0
2017-03-10,4013.5416666666665,0
2017-03-11,3293.8333333333335,0
2017-03-12,2459.875,0
2017-03-13,2828.448275862069,0
2017-03-14,3576.7916666666665,0
2017-03-15,3654.1739130434785,0
2017-03-16,3857.3333333333335,0
2017-03-17,3897.32,0
2017-03-18,3111.4583333333335,0
2017-03-19,2615.0,0
2017-03-20,3487.5833333333335,0
2017-03-21,3729.913043478261,0
2017-03-22,3706.2916666666665,0
2017-03-23,3824.7073170731705,0
2017-03-24,3411.8636363636365,0
2017-03-25,2915.9285714285716,0
2017-03-26,2144.607843137255,0
2017-03-27,3849.451612903226,0
2017-03-28,3897.36,0
2017-03-29,3496.448275862069,0
2017-03-30,3480.310344827586,0
2017-03-31,3950.125,0
2017-04-01,3124.5416666666665,0
2017-04-02,2873.8928571428573,0
2017-04-03,3869.5,0
2017-04-04,3153.0344827586205,0
2017-04-05,3739.0416666666665,0
2017-04-06,3840.0,0
2017-04-07,3834.217391304348,0
2017-04-08,2884.1666666666665,0
2017-04-09,2642.4666666666667,0
2017-04-10,3388.6511627906975,0
2017-04-11,3013.8709677419356,0
2017-04-12,3534.9166666666665,0
2017-04-13,3710.5185185185187,0
2017-04-14,3864.609756097561,0
2017-04-15,2247.8596491228072,0
2017-04-16,2597.75,0
2017-04-17,3667.5833333333335,0
2017-04-18,3890.633333333333,0
2017-04-19,3538.775,0
2017-04-20,3538.431818181818,0
2017-04-21,4024.925925925926,0
2017-04-22,3254.3333333333335,0
2017-04-23,2607.625,0
2017-04-24,3612.52,0
2017-04-25,3454.125,0
2017-04-26,3512.3636363636365,0
2017-04-27,3701.375,0
2017-04-28,4045.8333333333335,0
2017-04-29,3171.0416666666665,0
2017-04-30,2668.5151515151515,0
2017-05-01,3657.8088235294117,0
2017-05-02,3078.878787878788,0
2017-05-03,3759.4583333333335,0
2017-05-04,3869.875,0
2017-05-05,3919.6666666666665,0
2017-05-06,3207.3333333333335,0
2017-05-07,2730.2083333333335,0
2017-05-08,3109.4375,0
2017-05-09,3218.9285714285716,0
2017-05-10,3843.923076923077,0
2017-05-11,3912.75,0
2017-05-12,4000.5833333333335,0
2017-05-13,3075.875,0
2017-05-14,2795.4166666666665,0
2017-05-15,3809.1666666666665,0
2017-05-16,3594.4761904761904,0
2017-05-17,3482.4561403508774,0
2017-05-18,3359.0476190476193,0
2017-05-19,3770.9166666666665,0
2017-05-20,3123.7608695652175,0
2017-05-21,2483.4,0
2017-05-22,3309.730769230769,0
2017-05-23,3591.4444444444443,0
2017-05-24,3770.375,0
2017-05-25,3786.346153846154,0
2017-05-26,3593.3333333333335,0
2017-05-27,2536.0,0
2017-05-28,2511.074074074074,0
2017-05-29,2282.230769230769,0
2017-05-30,3647.08,0
2017-05-31,3717.4166666666665,0
2017-06-01,3763.5,0
2017-06-02,3801.0833333333335,0
2017-06-03,2942.2083333333335,0
2017-06-04,3012.75,0
2017-06-05,3606.9583333333335,0
2017-06-06,3613.8333333333335,0
2017-06-07,3529.925925925926,0
2017-06-08,3851.125,0
2017-06-09,3771.625,0
2017-06-10,2938.9166666666665,0
2017-06-11,2652.054054054054,0
2017-06-12,3375.4473684210525,0
2017-06-13,3687.9583333333335,0
2017-06-14,3059.03125,0
2017-06-15,3794.2916666666665,0
2017-06-16,3545.76,0
2017-06-17,2894.1923076923076,0
2017-06-18,2446.0689655172414,0
2017-06-19,3515.5,0
2017-06-20,3641.5925925925926,0
2017-06-21,3819.44,0
2017-06-22,4280.171428571429,0
2017-06-23,3944.0416666666665,0
2017-06-24,3171.8214285714284,0
2017-06-25,2802.259259259259,0
2017-06-26,3472.8333333333335,0
2017-06-27,3603.9166666666665,0
2017-06-28,3980.311111111111,0
2017-06-29,3786.8333333333335,0
2017-06-30,3872.09375,0
2017-07-01,2623.9615384615386,0
2017-07-02,2636.8,0
2017-07-03,2893.7916666666665,0
2017-07-04,2133.5416666666665,0
2017-07-05,3150.714285714286,0
2017-07-06,3778.037037037037,0
2017-07-07,3719.32,0
2017-07-08,2543.1481481481483,0
2017-07-09,2357.214285714286,0
2017-07-10,3188.9166666666665,0
2017-07-11,3597.074074074074,0
2017-07-12,3460.576923076923,0
2017-07-13,3579.6785714285716,0
2017-07-14,3870.5416666666665,0
2017-07-15,2815.9166666666665,0
2017-07-16,2672.4166666666665,0
2017-07-17,3218.4285714285716,0
2017-07-18,3241.3636363636365,0
2017-07-19,3354.6739130434785,0
2017-07-20,3760.6666666666665,0
2017-07-21,3521.0967741935483,0
2017-07-22,2810.56,0
2017-07-23,2612.5,0
2017-07-24,3356.703703703704,0
2017-07-25,3580.4324324324325,0
2017-07-26,3894.2820512820513,0
2017-07-27,3890.1666666666665,0
2017-07-28,3925.6,0
2017-07-29,2882.9166666666665,0
2017-07-30,2785.375,0
2017-07-31,3558.7083333333335,0
2017-08-01,3692.1666666666665,0
2017-08-02,3714.0,0
2017-08-03,4313.0888888888885,0
2017-08-04,3621.24,0
2017-08-05,2975.5384615384614,0
2017-08-06,2845.633333333333,0
2017-08-07,3398.970588235294,0
2017-08-08,3815.125,0
2017-08-09,4104.95,0
2017-08-10,3225.794117647059,0
2017-08-11,3770.5333333333333,0
2017-08-12,3001.0,0
2017-08-13,2556.1666666666665,0
2017-08-14,3148.5588235294117,0
2017-08-15,3739.9444444444443,0
2017-08-16,3852.885714285714,0
2017-08-17,3671.2444444444445,0
2017-08-18,4189.794117647059,0
2017-08-19,2625.1176470588234,0
2017-08-20,2653.92,0
2017-08-21,4154.878787878788,0
2017-08-22,3772.2916666666665,0
2017-08-23,3812.8333333333335,0
2017-08-24,3863.28,0
2017-08-25,3831.1875,0
2017-08-26,2748.793103448276,0
2017-08-27,2607.9310344827586,0
2017-08-28,3712.75,0
2017-08-29,3880.4333333333334,0
2017-08-30,3885.2083333333335,0
2017-08-31,4055.5,0
2017-09-01,3484.6363636363635,0
2017-09-02,2676.3214285714284,0
2017-09-03,2753.3333333333335,0
2017-09-04,2525.6785714285716,0
2017-09-05,3642.4166666666665,0
2017-09-06,3744.7916666666665,0
2017-09-07,3496.3333333333335,0
2017-09-08,3900.7083333333335,0
2017-09-09,2867.25,0
2017-09-10,2415.7916666666665,0
2017-09-11,3529.08,0
2017-09-12,3573.3055555555557,0
2017-09-13,3721.5,0
2017-09-14,3895.0833333333335,0
2017-09-15,4063.12,0
2017-09-16,2967.064516129032,0
2017-09-17,2564.25,0
2017-09-18,3778.4545454545455,0
2017-09-19,3789.12,0
2017-09-20,3703.8,0
2017-09-21,3716.1428571428573,0
2017-09-22,4128.607142857143,0
2017-09-23,3210.04,0
2017-09-24,2750.1666666666665,0
2017-09-25,3366.0,0
2017-09-26,3573.324324324324,0
2017-09-27,3869.1304347826085,0
2017-09-28,3822.2916666666665,0
2017-09-29,4044.36,0
2017-09-30,3378.52,0
2017-10-01,2758.962962962963,0
2017-10-02,3137.891304347826,0
2017-10-03,3026.5789473684213,0
2017-10-04,3702.2916666666665,0
2017-10-05,3985.4074074074074,0
2017-10-06,4023.66,0
2017-10-07,2805.2045454545455,0
2017-10-08,2573.5416666666665,0
2017-10-09,3496.625,0
2017-10-10,3845.24,0
2017-10-11,3753.2916666666665,0
2017-10-12,3961.6153846153848,0
2017-10-13,4052.4166666666665,0
2017-10-14,3552.5,0
2017-10-15,2220.181818181818,0
2017-10-16,3647.6666666666665,0
2017-10-17,3726.2916666666665,0
2017-10-18,3832.0,0
2017-10-19,3783.5416666666665,0
2017-10-20,3847.5833333333335,0
2017-10-21,2925.8333333333335,0
2017-10-22,2726.375,0
2017-10-23,3584.8333333333335,0
2017-10-24,3826.3333333333335,0
2017-10-25,3743.9583333333335,0
2017-10-26,3630.222222222222,0
2017-10-27,3725.7166666666667,0
2017-10-28,3196.5,0
2017-10-29,2529.0,0
2017-10-30,3811.5333333333333,0
2017-10-31,3761.3333333333335,0
2017-11-01,3860.325,0
2017-11-02,3665.9032258064517,0
2017-11-03,3887.3125,0
2017-11-04,3141.7631578947367,0
2017-11-05,1751.0526315789473,0
2017-11-06,3479.0,0
2017-11-07,3652.125,0
2017-11-08,3793.478260869565,0
2017-11-09,3975.086956521739,0
2017-11-10,3706.9166666666665,0
2017-11-11,2920.28,0
2017-11-12,2469.8846153846152,0
2017-11-13,3233.206896551724,0
2017-11-14,3613.0434782608695,0
2017-11-15,2884.3333333333335,0
2017-11-16,3911.2083333333335,0
2017-11-17,4555.170212765957,0
2017-11-18,2814.6296296296296,0
2017-11-19,2537.9166666666665,0
2017-11-20,3626.4583333333335,0
2017-11-21,3729.875,0
2017-11-22,3658.9166666666665,0
2017-11-23,2052.9583333333335,0
2017-11-24,2898.1153846153848,0
2017-11-25,2762.2083333333335,0
2017-11-26,2610.8333333333335,0
2017-11-27,3506.7083333333335,0
2017-11-28,3644.375,0
2017-11-29,3813.375,0
2017-11-30,3845.375,0
2017-12-01,4035.5,0
2017-12-02,3348.4166666666665,0
2017-12-03,2524.5,0
2017-12-04,3942.5,0
2017-12-05,2301.6060606060605,0
2017-12-06,3678.53125,0
2017-12-07,3600.4166666666665,0
2017-12-08,3728.5,0
2017-12-09,3130.8333333333335,0
2017-12-10,2476.0416666666665,0
2017-12-11,2909.864864864865,0
2017-12-12,3660.0416666666665,0
2017-12-13,3653.923076923077,0
2017-12-14,3777.653846153846,0
2017-12-15,3635.310344827586,0
2017-12-16,2983.46875,0
2017-12-17,2819.2380952380954,0
2017-12-18,3089.689655172414,0
2017-12-19,3672.5833333333335,0
2017-12-20,3834.222222222222,0
2017-12-21,3673.8333333333335,0
2017-12-22,3472.7083333333335,0
2017-12-23,2545.9565217391305,0
2017-12-24,2246.777777777778,0
2017-12-25,1790.9259259259259,0
2017-12-26,2730.4583333333335,0
2017-12-27,3262.6666666666665,0
2017-12-28,3030.086956521739,0
2017-12-29,3351.5862068965516,0
2017-12-30,2475.0833333333335,0
2017-12-31,2160.125,0
2018-01-01,1749.3333333333333,0
2018-01-02,3365.8928571428573,0
2018-01-03,3286.2,0
2018-01-04,3535.25,0
2018-01-05,3618.9583333333335,0
2018-01-06,2663.2916666666665,0
2018-01-07,2237.3333333333335,0
2018-01-08,3379.5416666666665,0
2018-01-09,3657.5416666666665,0
2018-01-10,3584.4222222222224,0
2018-01-11,2696.3333333333335,0
2018-01-12,3422.875,0
2018-01-13,2649.375,0
2018-01-14,2362.3414634146343,0
2018-01-15,2596.409090909091,0
2018-01-16,3450.8846153846152,0
2018-01-17,3368.9583333333335,0
2018-01-18,3758.086956521739,0
2018-01-19,3729.7916666666665,0
2018-01-20,2764.8928571428573,0
2018-01-21,2362.0,0
2018-01-22,2171.6444444444446,0
2018-01-23,2607.25,0
2018-01-24,3414.16,0
2018-01-25,3780.3953488372094,0
2018-01-26,3478.703703703704,0
2018-01-27,3170.25,0
2018-01-28,2665.44,0
2018-01-29,3520.0,0
2018-01-30,3587.1666666666665,0
2018-01-31,3237.4,0
2018-02-01,3706.0416666666665,0
2018-02-02,3840.7083333333335,0
2018-02-03,2849.25,0
2018-02-04,2013.5714285714287,0
2018-02-05,3585.1153846153848,0
2018-02-06,3500.25,0
2018-02-07,3207.875,0
2018-02-08,3713.8518518518517,0
2018-02-09,3775.2916666666665,0
2018-02-10,3136.6666666666665,0
2018-02-11,2568.5416666666665,0
2018-02-12,3419.625,0
2018-02-13,3737.1666666666665,0
2018-02-14,3448.464285714286,0
2018-02-15,3677.56,0
2018-02-16,3727.8333333333335,0
2018-02-17,2941.8076923076924,0
2018-02-18,2378.2083333333335,0
2018-02-19,2672.317073170732,0
2018-02-20,3212.794117647059,0
2018-02-21,3598.125,0
2018-02-22,3393.3793103448274,0
2018-02-23,2910.8571428571427,0
2018-02-24,2238.0172413793102,0
2018-02-25,1859.5333333333333,0
2018-02-26,3430.1666666666665,0
2018-02-27,3859.4545454545455,0
2018-02-28,3685.875,0
2018-03-01,3768.5416666666665,0
2018-03-02,3759.5555555555557,0
2018-03-03,3076.5,0
2018-03-04,2267.0588235294117,0
2018-03-05,2240.6382978723404,0
2018-03-06,2967.3142857142857,0
2018-03-07,3579.56,0
2018-03-08,3850.7916666666665,0
2018-03-09,4065.3076923076924,0
2018-03-10,3326.2608695652175,0
2018-03-11,2049.45,0
2018-03-12,3558.9583333333335,0
2018-03-13,3691.2916666666665,0
2018-03-14,3692.9583333333335,0
2018-03-15,3870.782608695652,0
2018-03-16,3989.521739130435,0
2018-03-17,3227.3333333333335,0
2018-03-18,2558.9583333333335,0
2018-03-19,3600.7083333333335,0
2018-03-20,3953.222222222222,0
2018-03-21,3872.5384615384614,0
2018-03-22,3835.2083333333335,0
2018-03-23,3941.0416666666665,0
2018-03-24,4032.5555555555557,0
2018-03-25,2553.375,0
2018-03-26,3283.0,0
2018-03-27,3272.5151515151515,0
2018-03-28,3818.730769230769,0
2018-03-29,4046.0434782608695,0
2018-03-30,3769.56,0
2018-03-31,2009.1081081081081,0
2018-04-01,2428.9166666666665,0
2018-04-02,3561.3125,0
2018-04-03,2979.6792452830186,0
2018-04-04,3101.5555555555557,0
2018-04-05,3933.24,0
2018-04-06,3916.1153846153848,0
2018-04-07,3204.8333333333335,0
2018-04-08,2403.5588235294117,0
2018-04-09,3357.6666666666665,0
2018-04-10,3683.75,0
2018-04-11,3478.9310344827586,0
2018-04-12,3747.04,0
2018-04-13,3531.375,0
2018-04-14,1206.5882352941176,0
2018-04-15,1139.05,0
2018-04-16,2889.037037037037,0
2018-04-17,3781.4583333333335,0
2018-04-18,4011.037037037037,0
2018-04-19,3887.8333333333335,0
2018-04-20,3989.0,0
2018-04-21,3229.0833333333335,0
2018-04-22,2696.0416666666665,0
2018-04-23,3632.25,0
2018-04-24,3719.4166666666665,0
2018-04-25,3724.7916666666665,0
2018-04-26,3888.7916666666665,0
2018-04-27,4038.375,0
2018-04-28,3224.1666666666665,0
2018-04-29,2647.6666666666665,0
2018-04-30,3581.6428571428573,0
2018-05-01,3554.28,0
2018-05-02,2854.4848484848485,0
2018-05-03,3759.0,0
2018-05-04,3974.7083333333335,0
2018-05-05,3030.962962962963,0
2018-05-06,2386.24,0
2018-05-07,3577.5,0
2018-05-08,3578.40625,0
2018-05-09,3833.1470588235293,0
2018-05-10,3882.25,0
2018-05-11,3989.6071428571427,0
2018-05-12,2904.3846153846152,0
2018-05-13,2433.2916666666665,0
2018-05-14,3460.735294117647,0
2018-05-15,3025.6363636363635,0
2018-05-16,3827.4583333333335,0
2018-05-17,3857.2083333333335,0
2018-05-18,3855.32,0
2018-05-19,2844.1153846153848,0
2018-05-20,2332.3333333333335,0
2018-05-21,3665.653846153846,0
2018-05-22,3738.5384615384614,0
2018-05-23,3853.32,0
2018-05-24,3449.0666666666666,0
2018-05-25,3214.4545454545455,0
2018-05-26,2567.375,0
2018-05-27,2407.2916666666665,0
2018-05-28,2253.464285714286,0
2018-05-29,3310.864864864865,0
2018-05-30,3610.6944444444443,0
2018-05-31,3519.6585365853657,0
2018-06-01,3954.1666666666665,0
2018-06-02,3466.777777777778,0
2018-06-03,2696.7916666666665,0
2018-06-04,3632.125,0
2018-06-05,3769.4583333333335,0
2018-06-06,4029.714285714286,0
2018-06-07,3876.48,0
2018-06-08,3904.3548387096776,0
2018-06-09,3249.3023255813955,0
2018-06-10,2272.2916666666665,0
2018-06-11,3608.1785714285716,0
2018-06-12,3578.72,0
2018-06-13,3722.8333333333335,0
2018-06-14,3797.875,0
2018-06-15,3903.076923076923,0
2018-06-16,2950.1944444444443,0
2018-06-17,2438.235294117647,0
2018-06-18,3247.5581395348836,0
2018-06-19,3922.6545454545453,0
2018-06-20,3664.0384615384614,0
2018-06-21,3920.48,0
2018-06-22,3903.5,0
2018-06-23,2781.8275862068967,0
2018-06-24,2676.6428571428573,0
2018-06-25,3532.3333333333335,0
2018-06-26,3172.5789473684213,0
2018-06-27,3757.9583333333335,0
2018-06-28,3805.8846153846152,0
2018-06-29,3774.0833333333335,0
2018-06-30,2732.52,0
2018-07-01,2420.945945945946,0
2018-07-02,3404.5,0
2018-07-03,3627.9655172413795,0
2018-07-04,2059.9333333333334,0
2018-07-05,3134.64,0
2018-07-06,3323.875,0
2018-07-07,2671.9166666666665,0
2018-07-08,2557.5833333333335,0
2018-07-09,3375.3846153846152,0
2018-07-10,3673.64,0
2018-07-11,3673.875,0
2018-07-12,3483.764705882353,0
2018-07-13,3503.318181818182,0
2018-07-14,2369.029411764706,0
2018-07-15,2353.153846153846,0
2018-07-16,3485.5416666666665,0
2018-07-17,3607.25,0
2018-07-18,3711.6666666666665,0
2018-07-19,3859.5555555555557,0
2018-07-20,3473.0666666666666,0
2018-07-21,2996.0416666666665,0
2018-07-22,2663.6666666666665,0
2018-07-23,3342.5666666666666,0
2018-07-24,3632.9583333333335,0
2018-07-25,3982.296296296296,0
2018-07-26,3874.0,0
2018-07-27,3693.3333333333335,0
2018-07-28,2679.16,0
2018-07-29,2768.733333333333,0
2018-07-30,3558.12,0
2018-07-31,3549.1666666666665,0
2018-08-01,3889.103448275862,0
2018-08-02,3681.4583333333335,0
2018-08-03,3543.46875,0
2018-08-04,2833.121212121212,0
2018-08-05,2512.5,0
2018-08-06,3563.8387096774195,0
2018-08-07,3710.6428571428573,0
2018-08-08,3528.076923076923,0
2018-08-09,3589.483870967742,0
2018-08-10,3657.72,0
2018-08-11,2579.0689655172414,0
2018-08-12,2246.3548387096776,0
2018-08-13,3474.2083333333335,0
2018-08-14,3730.125,0
2018-08-15,3622.0416666666665,0
2018-08-16,3794.56,0
2018-08-17,3634.5384615384614,0
2018-08-18,2792.6060606060605,0
2018-08-19,2774.9166666666665,0
2018-08-20,3828.75,0
2018-08-21,3637.2916666666665,0
2018-08-22,3695.5833333333335,0
2018-08-23,3978.086956521739,0
2018-08-24,4216.245901639344,0
2018-08-25,2688.3333333333335,0
2018-08-26,2312.090909090909,0
2018-08-27,3286.655172413793,0
2018-08-28,3742.6511627906975,0
2018-08-29,3935.214285714286,0
2018-08-30,3728.8888888888887,0
2018-08-31,3428.5454545454545,0
2018-09-01,3119.3793103448274,0
2018-09-02,2337.71875,0
2018-09-03,2029.0697674418604,0
2018-09-04,3623.934426229508,0
2018-09-05,3445.34375,0
2018-09-06,3235.6451612903224,0
2018-09-07,3698.4166666666665,0
2018-09-08,2818.9583333333335,0
2018-09-09,2472.3333333333335,0
2018-09-10,3511.0416666666665,0
2018-09-11,3721.6666666666665,0
2018-09-12,3883.269230769231,0
2018-09-13,3680.9166666666665,0
2018-09-14,3776.0,0
2018-09-15,2871.72,0
2018-09-16,2458.4583333333335,0
2018-09-17,3887.542857142857,0
2018-09-18,3399.1521739130435,0
2018-09-19,3766.4821428571427,0
2018-09-20,3621.4375,0
2018-09-21,3706.90625,0
2018-09-22,3099.9166666666665,0
2018-09-23,2530.875,0
2018-09-24,3108.714285714286,0
2018-09-25,3446.451612903226,0
2018-09-26,3692.7916666666665,0
2018-09-27,3777.36,0
2018-09-28,3854.9166666666665,0
2018-09-29,3049.68,0
2018-09-30,2645.576923076923,0
